Region-name,gRNA-ID,gRNA-Seq,Target-Seq,PAM,Number of off-targets,Off-target summary,Cutting efficiency,Specificity,Rank,Coordinates,Strand,Annotations
chr7:144861324-144861488,chr7:144861324-144861488.0,TATATATACCACTGCTCCGG,TATATATACCACTGCTCCGG,NGG,0,2:0 | 3:0,0.580685,0.792079,1,NC_000073.6:144861356-144861378,+,
chr7:144861324-144861488,chr7:144861324-144861488.1,AATAGGGACGCAACGGTGGC,GCCACCGTTGCGTCCCTATT,NGG,1,2:0 | 3:1,0.480844,0.861702,2,NC_000073.6:144861399-144861421,-,fibroblast growth factor 4
chr7:144861324-144861488,chr7:144861324-144861488.2,CGAGCTGCGGGCCGTGAGTT,AACTCACGGCCCGCAGCTCG,NGG,2,2:0 | 3:2,0.416214,0.927057,3,NC_000073.6:144861456-144861478,-,fibroblast growth factor 4
chr7:144861324-144861488,chr7:144861324-144861488.3,ATATATACCACTGCTCCGGA,ATATATACCACTGCTCCGGA,NGG,3,2:0 | 3:3,0.639345,0.656712,4,NC_000073.6:144861357-144861379,+,
chr7:144861324-144861488,chr7:144861324-144861488.4,AAATAGGGACGCAACGGTGG,CCACCGTTGCGTCCCTATTT,NGG,5,2:0 | 3:5,0.488015,0.541394,5,NC_000073.6:144861400-144861422,-,fibroblast growth factor 4
chr7:144861324-144861488,chr7:144861324-144861488.5,AGCAAATAGGGACGCAACGG,CCGTTGCGTCCCTATTTGCT,NGG,7,2:0 | 3:7,0.577986,0.736529,6,NC_000073.6:144861403-144861425,-,fibroblast growth factor 4
chr7:144861324-144861488,chr7:144861324-144861488.6,TCCGGAGGGCTGGGCGCGCG,TCCGGAGGGCTGGGCGCGCG,NGG,8,2:0 | 3:8,0.450031,0.402204,7,NC_000073.6:144861371-144861393,+,fibroblast growth factor 4
chr7:144861324-144861488,chr7:144861324-144861488.7,CTAAGTAGCGAGAGCAAATA,TATTTGCTCTCGCTACTTAG,NGG,9,2:0 | 3:9,0.388476,0.394638,8,NC_000073.6:144861415-144861437,-,fibroblast growth factor 4
chr7:144861324-144861488,chr7:144861324-144861488.8,CCTATTTGCTCTCGCTACTT,CCTATTTGCTCTCGCTACTT,NGG,9,2:0 | 3:9,0.389132,0.546296,9,NC_000073.6:144861416-144861438,+,fibroblast growth factor 4
chr7:144861324-144861488,chr7:144861324-144861488.9,CGCGGGGCAGGCGAGTAGGA,CGCGGGGCAGGCGAGTAGGA,NGG,11,2:0 | 3:11,0.482771,0.273059,10,NC_000073.6:144861324-144861346,+,
